depth_m,gassiness_degree,open_violations,days_since_last_inspection,ch4_pct,co_ppm,ventilation_velocity_ms,workers_count,equipment_faults,risk_level
154,1,4,16,0.12,25,0.66,77,0,Medium
644,1,0,6,0.11,18,2.41,79,1,Low
598,1,7,38,0.14,2,2.96,28,5,High
472,1,2,14,0.43,12,0.66,56,0,Low
407,3,9,17,1.65,61,1.91,23,3,High
120,2,10,40,1.0,31,2.32,16,0,High
273,2,1,15,0.98,32,1.27,89,2,Medium
206,1,3,43,0.13,23,2.57,85,5,Medium
215,1,3,11,0.22,10,3.76,89,5,Medium
610,1,5,4,0.12,3,3.12,59,2,Low
107,1,9,21,0.11,17,1.68,90,3,Medium
186,1,3,36,0.25,25,2.35,82,3,High
410,1,2,33,0.23,26,0.46,22,1,High
203,2,6,39,0.26,32,2.39,67,4,High
297,3,0,44,1.54,58,3.4,42,5,High
388,1,6,11,0.22,25,3.37,41,4,High
222,1,1,41,0.15,22,2.08,33,1,Low
422,2,8,34,1.03,28,2.01,22,2,High
354,1,3,37,0.43,4,2.86,16,4,Medium
168,1,7,36,0.09,18,3.35,62,1,Medium
592,2,11,13,0.84,33,3.78,91,2,High
488,3,7,8,0.92,19,1.48,83,4,High
275,2,0,5,0.84,11,1.1,12,2,Low
112,1,4,43,0.23,19,0.76,81,4,High
524,1,7,27,0.1,5,2.61,53,3,High
460,1,11,4,0.31,22,0.64,59,5,High
387,3,1,16,0.85,49,1.87,62,1,High
325,1,1,29,0.37,19,0.64,91,4,Medium
55,3,12,16,0.82,46,1.98,59,0,High
208,1,6,17,0.42,27,1.89,62,5,High
609,2,7,10,0.37,21,3.69,82,5,High
595,1,5,4,0.04,17,2.06,75,1,Low
98,3,1,12,0.69,19,2.66,38,3,Low
162,3,9,16,1.35,17,2.47,61,5,High
637,2,5,17,0.38,28,1.14,58,1,Medium
347,1,12,5,0.02,21,3.79,20,0,Medium
590,1,4,9,0.42,4,3.38,55,2,Low
201,1,8,20,0.28,27,2.59,9,5,High
607,1,10,7,0.42,6,1.23,21,5,High
606,1,4,39,0.11,12,1.01,89,2,Medium
557,1,0,6,0.29,28,1.27,8,2,Medium
173,2,4,11,0.87,43,2.77,79,0,Medium
154,1,11,10,0.25,28,1.59,78,1,Medium
480,1,4,24,0.41,27,3.7,13,2,Medium
255,2,10,7,0.52,43,3.39,60,4,High
198,3,3,11,1.87,66,0.92,60,0,High
223,2,5,27,0.92,23,1.23,21,3,High
79,3,3,13,1.66,44,1.52,37,1,High
64,2,6,22,0.45,12,3.68,43,2,Medium
561,1,8,22,0.42,5,3.37,41,1,Medium
634,3,4,3,0.74,42,1.51,48,3,High
563,1,9,13,0.13,24,1.83,74,4,High
241,1,1,43,0.42,21,1.4,23,5,Medium
347,1,10,27,0.16,24,1.33,24,1,Medium
470,2,6,44,0.87,19,2.45,46,3,High
601,3,4,19,0.87,65,2.33,91,2,High
516,1,10,14,0.24,27,3.45,29,5,High
126,1,10,41,0.29,4,3.16,38,5,High
357,1,3,10,0.03,9,3.74,86,0,Low
506,1,10,37,0.1,24,1.64,59,1,High
191,2,0,7,0.9,22,0.92,74,3,Medium
91,2,1,30,0.32,37,2.64,79,4,High
364,3,7,40,1.66,72,2.07,78,3,High
202,2,7,29,0.43,23,3.24,43,4,High
536,2,4,29,0.27,26,1.12,50,2,High
593,1,2,15,0.18,6,2.77,16,3,Medium
457,1,7,27,0.05,28,1.77,82,5,High
60,3,12,37,1.09,15,3.6,46,3,High
469,1,11,35,0.36,9,2.01,42,3,High
537,1,5,43,0.31,14,2.83,67,1,Medium
586,1,6,38,0.26,2,0.59,62,1,High
512,1,4,25,0.16,16,1.44,56,2,Low
471,1,1,31,0.03,19,0.48,52,1,High
110,2,10,3,0.88,23,1.0,10,4,High
196,1,7,43,0.07,8,1.93,40,2,Medium
211,2,11,8,0.9,18,3.68,21,4,High
66,3,9,44,1.78,39,1.69,33,0,High
646,2,10,16,0.29,27,3.28,84,0,High
619,2,5,35,0.59,31,0.54,90,2,High
52,3,7,7,1.16,38,2.52,66,5,High
196,1,11,34,0.44,10,2.46,76,3,High
516,1,11,38,0.14,9,3.21,19,2,High
501,1,7,37,0.28,14,1.48,71,2,High
226,1,5,17,0.17,21,2.75,43,4,Medium
50,1,3,6,0.12,15,2.01,38,5,Medium
527,2,7,29,0.91,13,1.33,59,5,High
289,1,9,24,0.22,18,1.5,78,2,Medium
400,2,4,20,0.43,15,2.82,48,0,Low
588,3,11,12,0.85,62,1.99,83,4,High
329,3,3,19,0.9,26,1.36,76,1,Medium
320,1,0,36,0.15,6,2.53,70,0,Low
52,2,7,31,0.6,19,3.68,40,3,High
156,3,6,32,0.7,55,2.7,27,1,High
616,3,1,16,0.75,63,1.76,84,4,High
271,2,6,29,1.02,27,3.31,62,2,High
622,2,9,7,1.05,21,2.49,41,5,High
123,1,2,36,0.05,2,1.73,84,3,Medium
338,1,4,19,0.32,16,0.55,37,2,Low
643,2,3,28,0.3,22,2.57,42,1,Medium
113,1,12,20,0.28,28,2.29,44,3,High
167,1,4,45,0.19,10,2.05,71,3,Medium
122,2,6,21,0.74,9,0.62,94,4,High
641,3,12,44,1.67,51,0.44,30,3,High
571,2,4,12,1.1,35,2.52,70,0,High
521,1,5,21,0.31,7,1.45,71,2,Low
450,3,8,3,1.19,35,1.18,22,3,High
566,3,0,43,1.73,44,1.75,32,4,High
410,2,7,41,0.6,11,1.01,78,1,High
334,1,11,32,0.07,22,2.43,38,5,High
202,1,0,36,0.2,9,3.77,22,3,Medium
160,2,2,32,1.04,26,2.08,42,3,High
534,3,3,30,1.32,39,0.97,84,4,High
179,3,4,27,1.04,65,2.08,8,2,High
345,3,9,43,1.24,24,1.86,69,2,High
380,2,8,25,0.61,28,3.34,38,4,High
432,1,12,27,0.04,25,1.96,56,3,High
195,1,0,9,0.24,20,1.46,20,3,Low
142,1,7,1,0.33,15,3.35,27,0,Medium
520,2,4,22,0.76,33,2.57,50,5,High
586,1,5,41,0.33,26,2.01,77,0,High
110,1,10,19,0.45,25,0.62,20,5,High
142,1,11,20,0.41,3,1.44,15,2,Medium
407,1,2,16,0.25,20,2.69,31,1,Low
219,1,6,40,0.31,17,3.49,26,1,Medium
512,2,7,17,0.8,37,3.45,94,4,High
201,1,5,38,0.15,15,2.72,66,2,Medium
243,3,7,7,0.91,51,1.56,45,5,High
342,1,10,26,0.14,20,3.33,14,4,High
548,3,4,15,1.39,37,1.07,32,4,High
296,2,11,43,0.81,16,2.5,88,5,High
80,1,7,3,0.27,25,0.76,45,2,High
465,1,2,35,0.4,13,2.16,42,1,Medium
303,3,7,19,1.57,36,3.11,67,0,High
184,2,3,44,0.85,33,3.69,79,2,High
132,2,0,17,0.68,37,1.59,94,2,Low
638,1,10,24,0.07,9,1.95,87,4,High
375,3,3,42,0.68,67,1.92,46,5,High
458,1,0,3,0.15,17,0.71,38,4,Medium
178,1,5,43,0.43,24,3.61,61,4,Medium
198,3,10,7,1.68,54,1.73,43,0,High
419,1,7,16,0.39,5,3.73,55,4,High
407,1,4,13,0.44,28,1.89,92,1,Medium
61,1,5,16,0.45,27,2.28,16,4,Medium
252,2,3,22,0.9,8,1.27,26,1,Medium
593,1,2,8,0.3,2,0.76,53,1,Low
642,1,2,17,0.04,25,1.77,22,5,Medium
105,1,12,24,0.24,5,1.88,36,4,Medium
84,2,10,34,0.47,9,0.51,69,3,High
476,2,7,29,0.27,13,1.43,26,0,High
169,1,10,38,0.26,12,1.63,84,4,High
341,1,9,28,0.06,24,0.7,91,5,High
604,2,3,28,0.61,22,1.75,66,3,High
465,2,5,28,0.48,24,1.61,27,5,High
525,1,1,6,0.21,25,2.89,24,4,Medium
101,2,8,36,0.5,15,1.74,93,3,High
92,3,9,20,1.06,51,2.08,27,5,High
533,1,1,23,0.38,13,0.7,43,4,Medium
271,3,8,40,1.4,56,2.25,85,5,High
313,1,4,45,0.35,12,1.53,31,1,Medium
619,2,1,10,0.87,9,0.62,75,1,Medium
425,1,5,11,0.18,25,1.44,80,4,High
126,3,2,11,1.58,18,2.66,42,3,High
474,1,7,27,0.14,26,2.09,52,3,High
153,1,10,38,0.23,23,1.38,36,3,High
96,1,4,14,0.35,26,1.19,49,0,Medium
47,1,6,12,0.08,19,2.76,72,4,Medium
402,1,11,3,0.21,16,3.52,48,4,High
479,2,11,41,0.58,15,1.72,49,1,High
511,3,5,6,1.17,21,1.15,83,3,High
576,1,4,22,0.12,26,0.89,73,5,High
156,1,3,23,0.17,28,2.56,26,1,Medium
145,1,3,12,0.28,26,2.96,17,1,Medium
545,1,9,38,0.21,20,2.55,87,2,High
363,1,1,31,0.21,11,3.09,83,0,Low
400,1,4,30,0.21,3,1.59,44,0,Medium
132,2,8,25,0.62,43,3.64,13,3,High
625,2,5,39,0.63,17,3.65,65,0,Medium
391,3,1,33,1.44,17,1.17,64,3,High
576,1,2,24,0.18,11,1.66,51,5,Medium
93,2,10,22,0.26,14,2.25,57,2,Medium
298,2,10,39,0.99,29,0.59,92,1,High
398,1,10,45,0.3,6,2.38,18,2,Medium
612,1,12,22,0.37,23,2.76,95,4,High
135,2,6,33,0.53,31,1.38,35,2,High
537,1,2,10,0.05,27,0.65,77,5,High
579,1,5,40,0.08,14,0.84,31,5,High
209,2,0,27,0.53,23,3.69,86,2,Low
499,1,3,20,0.44,27,1.94,32,2,Medium
624,3,7,19,1.61,47,2.15,28,1,High
181,3,0,42,1.22,38,2.24,21,5,High
568,3,4,6,1.59,32,1.87,73,1,High
487,1,3,29,0.4,2,1.75,58,4,High
422,1,1,24,0.12,12,3.56,91,2,Low
189,1,4,31,0.32,6,2.96,68,3,Medium
45,3,0,17,0.88,24,2.22,85,4,Medium
473,1,4,16,0.15,3,1.13,89,4,Medium
508,1,7,39,0.25,22,2.1,38,5,High
187,1,0,40,0.17,20,1.76,93,5,Medium
127,1,5,5,0.43,19,2.08,72,4,Medium
60,1,7,3,0.29,13,1.19,10,2,Medium
109,1,11,43,0.29,26,2.34,50,1,High
85,1,5,42,0.1,26,2.7,69,5,High
226,3,1,30,0.65,27,0.45,33,0,High
363,3,8,26,1.89,49,1.96,12,5,High
235,1,12,4,0.39,12,1.26,55,3,Medium
449,2,6,22,1.08,39,2.72,55,4,High
313,3,11,28,0.7,53,3.78,31,4,High
340,1,1,21,0.3,11,1.86,62,1,Low
494,1,0,23,0.28,15,1.26,15,0,Low
455,1,12,44,0.09,2,0.8,85,5,High
488,1,1,16,0.35,13,1.57,80,0,Low
197,2,5,24,0.6,12,2.31,75,2,Low
447,1,4,16,0.43,2,2.87,71,4,Medium
436,3,1,17,1.61,60,1.86,86,2,High
542,1,2,5,0.21,24,1.86,19,5,Medium
367,2,11,5,0.69,26,3.42,28,5,High
218,2,8,15,0.31,20,3.07,38,3,Medium
66,1,9,24,0.22,19,0.75,19,0,Medium
356,1,11,31,0.25,26,1.73,81,0,High
168,3,10,5,1.18,58,2.11,24,4,High
641,1,2,28,0.24,3,3.21,74,1,Medium
351,1,5,15,0.17,18,3.43,18,2,Low
241,2,8,18,0.31,27,2.45,19,4,High
212,2,9,10,0.35,29,3.25,80,0,Medium
69,1,10,37,0.13,8,2.98,61,4,High
71,1,10,35,0.14,11,1.99,95,3,High
344,1,11,4,0.09,15,1.99,34,2,Medium
187,1,11,21,0.34,13,3.71,24,2,Medium
567,2,5,16,0.62,25,1.87,26,0,Medium
91,1,6,40,0.2,7,3.15,81,5,High
360,1,2,32,0.45,16,2.05,47,3,Medium
63,1,6,33,0.22,9,1.05,53,0,Medium
91,1,9,42,0.31,11,2.18,21,3,High
177,3,11,24,1.59,38,0.46,14,4,High
615,1,8,19,0.05,18,1.88,78,2,Medium
161,1,1,26,0.18,12,2.25,54,1,Low
243,2,6,33,0.24,10,0.78,50,3,High
571,1,9,33,0.08,21,1.41,58,4,High
346,2,8,33,0.68,44,1.35,10,2,High
379,2,6,38,0.48,9,2.39,41,5,High
632,2,11,4,0.73,18,2.13,87,3,High
191,3,3,3,1.34,59,0.68,10,3,High
361,1,6,45,0.11,18,3.01,68,5,High
103,2,8,14,0.7,38,2.14,48,1,Medium
510,3,5,35,1.06,64,3.34,95,5,High
310,2,3,16,0.45,27,1.09,46,2,Medium
252,2,7,21,0.63,43,3.57,43,2,Medium
164,2,8,25,1.01,33,3.16,26,2,High
83,1,11,6,0.17,16,2.6,69,1,Medium
246,3,4,36,1.51,23,0.68,83,1,High
288,1,8,15,0.29,3,0.65,50,5,High
523,1,12,9,0.02,19,3.72,28,3,High
527,1,3,19,0.16,22,0.51,19,5,Medium
627,1,11,3,0.41,7,1.76,30,0,Medium
446,2,2,19,0.99,8,1.34,85,0,Medium
383,1,10,35,0.25,6,3.28,67,2,Medium
237,3,5,11,1.55,56,1.2,31,0,High
385,2,9,44,0.88,19,2.44,89,3,High
477,1,1,26,0.31,7,3.74,69,2,Medium
294,1,6,16,0.21,10,3.64,46,4,Medium
626,1,10,24,0.32,3,2.64,67,2,Medium
203,1,8,20,0.32,22,3.51,45,2,Medium
266,1,2,31,0.09,25,3.76,55,3,High
602,3,12,35,1.64,67,1.06,39,5,High
650,3,1,34,1.18,60,1.57,80,0,High
103,3,8,13,1.34,24,0.88,74,3,High
159,2,11,38,0.64,40,1.86,15,3,High
175,1,7,37,0.04,16,2.65,47,5,High
62,1,0,14,0.27,3,1.78,16,4,Low
101,3,1,31,0.64,41,0.93,25,5,High
470,1,6,29,0.39,14,1.61,95,5,High
592,1,5,8,0.1,19,1.68,24,5,Medium
268,3,12,2,1.87,44,2.66,77,3,High
584,1,3,16,0.22,6,1.26,22,0,Low
469,2,0,16,0.39,14,2.38,65,4,Medium
89,1,0,26,0.21,19,1.06,15,1,Low
555,3,3,37,1.01,53,3.0,49,1,High
349,3,10,34,0.89,34,1.26,79,4,High
219,2,6,36,0.65,30,3.6,93,3,High
577,1,6,27,0.08,14,0.94,76,3,High
286,3,4,10,1.65,73,0.5,60,3,High
610,1,6,16,0.13,12,2.56,65,2,Medium
134,1,3,4,0.14,23,2.42,13,0,Low
232,3,9,43,1.33,45,1.03,50,2,High
55,1,3,8,0.34,26,1.98,39,5,Medium
249,1,3,36,0.16,11,1.63,76,5,Medium
407,1,5,33,0.4,16,0.65,68,2,Medium
248,1,6,3,0.26,9,2.89,10,2,Medium
606,3,9,27,0.98,27,1.45,56,4,High
291,1,10,44,0.17,26,3.18,90,5,High
542,1,11,23,0.09,25,2.21,31,4,High
100,1,1,43,0.04,2,1.74,88,1,Low
109,2,0,14,0.66,31,0.51,89,5,Medium
534,2,0,1,0.68,34,0.34,75,5,High
321,1,4,2,0.24,24,2.66,30,0,Low
138,1,3,13,0.29,10,3.15,42,3,Medium
120,1,6,30,0.26,24,1.09,95,0,Medium
72,1,6,25,0.26,3,2.53,29,0,Medium
551,3,10,22,1.34,69,3.71,75,0,High
275,1,11,37,0.22,3,3.53,95,2,Medium
596,2,0,12,1.04,28,0.35,34,4,High
187,2,11,26,1.04,27,0.87,38,4,High
438,2,8,22,0.55,16,3.07,18,4,High
394,1,6,15,0.38,12,2.42,86,4,Medium
446,3,5,2,1.42,65,3.77,70,1,High
404,2,6,28,0.37,45,2.61,18,4,High
342,2,11,5,0.27,17,1.63,89,1,Medium
438,1,1,6,0.02,11,1.86,42,0,Low
175,1,6,29,0.26,18,1.73,11,0,Medium
402,2,9,39,0.91,32,0.34,60,3,High
126,2,8,16,0.71,18,2.7,29,1,Medium
315,1,7,10,0.05,15,1.27,46,3,Medium
118,1,3,41,0.23,21,0.98,21,1,Medium
351,1,6,22,0.38,14,3.11,50,3,Medium
382,1,10,39,0.08,12,2.41,33,3,High
361,1,6,21,0.15,24,2.52,81,1,Medium
373,1,12,26,0.18,20,1.0,77,1,Medium
603,1,11,30,0.43,8,1.83,45,5,High
110,3,12,27,1.47,23,2.52,38,2,High
197,2,12,25,0.27,38,2.34,76,4,High
468,1,12,24,0.32,27,2.18,89,0,High
151,2,10,43,0.52,10,2.27,90,5,High
449,3,5,28,0.74,21,1.21,73,5,High
571,2,11,37,0.4,31,1.67,94,4,High
552,1,0,31,0.06,15,3.52,18,0,Medium
185,1,5,30,0.36,18,1.99,68,0,Medium
488,2,7,21,0.26,10,3.14,22,0,Medium
391,2,10,11,1.04,23,2.11,78,1,Medium
378,2,7,15,0.92,19,0.95,92,3,High
445,1,9,13,0.21,15,1.66,35,1,Medium
325,2,12,5,0.72,42,0.95,49,1,Medium
508,1,10,32,0.25,22,1.4,57,4,High
441,2,5,23,0.96,19,3.15,46,4,High
644,1,2,21,0.07,11,0.71,55,5,Medium
184,1,6,39,0.08,14,1.78,70,5,High
590,2,10,12,0.7,39,1.31,31,2,High
501,2,5,1,0.64,20,3.15,79,4,Medium
546,1,7,27,0.33,16,2.01,18,4,High
71,2,3,19,0.23,22,2.18,29,3,Medium
619,2,12,32,0.69,15,2.3,42,4,High
415,1,12,3,0.35,16,2.21,62,0,Medium
293,1,0,29,0.13,28,0.6,23,1,Medium
254,3,9,45,1.06,60,2.44,62,1,High
182,2,3,4,0.71,42,1.28,76,1,Medium
371,3,4,19,1.34,75,3.3,94,0,High
178,3,12,27,1.79,32,3.33,24,5,High
175,1,11,21,0.38,26,3.25,58,3,High
185,2,4,41,0.57,36,0.56,19,3,High
567,2,11,24,0.61,39,1.45,8,5,High
135,2,7,41,0.8,30,3.28,76,3,High
263,3,3,32,0.95,68,1.29,78,4,High
173,2,7,22,1.0,11,0.46,88,3,High
56,1,2,29,0.22,15,1.01,24,5,Medium
349,1,4,6,0.3,10,0.59,93,5,Medium
209,1,10,20,0.33,26,1.12,91,0,Medium
137,1,7,5,0.08,9,2.12,64,0,Medium
48,2,1,28,0.82,38,0.55,57,0,High
144,1,5,20,0.08,26,3.15,25,5,Medium
186,1,9,1,0.28,7,1.84,35,5,Medium
195,3,9,44,1.18,28,0.6,20,1,High
166,2,6,23,1.07,28,3.07,39,2,High
126,1,9,39,0.33,11,3.03,11,5,High
348,1,9,33,0.1,14,1.33,14,1,Medium
546,1,3,32,0.29,4,2.15,9,2,Medium
364,1,9,27,0.18,23,0.9,68,0,Medium
57,2,0,17,0.39,11,3.62,58,4,Low
333,2,8,27,0.58,33,0.59,76,4,High
196,1,4,6,0.24,8,3.71,27,4,Medium
374,1,10,42,0.31,4,1.39,63,5,High
284,1,1,28,0.07,21,2.43,47,5,Medium
219,1,11,9,0.32,7,2.04,52,4,Medium
569,2,11,17,0.35,16,2.92,42,5,High
160,2,0,22,0.93,25,2.13,41,5,High
630,2,7,30,0.66,11,2.05,80,1,High
416,1,12,7,0.4,23,2.83,37,5,High
561,1,0,16,0.04,13,1.64,27,1,Low
76,2,11,42,0.58,28,1.17,48,2,High
119,2,1,33,0.81,11,0.93,74,0,Medium
450,1,7,19,0.35,11,1.45,78,3,High
48,1,4,37,0.36,25,2.48,67,2,Medium
645,3,12,13,1.55,49,2.96,39,1,High
46,3,0,15,1.3,55,3.24,9,2,High
41,2,6,20,0.29,41,3.74,61,3,High
101,3,2,18,0.72,73,1.11,74,3,High
421,1,11,6,0.27,18,0.77,58,0,Medium
646,2,6,43,1.07,23,1.32,48,3,High
374,1,4,15,0.05,8,0.78,82,0,Low
199,1,7,30,0.16,5,2.18,34,3,High
355,1,1,6,0.09,23,1.36,85,0,Low
260,3,5,10,0.72,30,3.69,58,4,Medium
90,2,4,12,0.23,33,3.29,79,5,Medium
603,1,7,7,0.37,6,0.73,15,1,Medium
173,1,6,24,0.32,22,0.59,83,2,Medium
116,1,1,13,0.41,16,3.13,19,2,Low
165,1,7,4,0.09,20,1.82,58,3,Medium
70,1,6,12,0.17,7,1.26,65,1,Medium
75,2,9,16,0.78,39,1.74,78,3,High
102,1,6,9,0.2,22,3.4,75,1,Medium
596,2,6,23,0.63,39,1.5,80,4,High
369,1,2,2,0.16,9,0.4,43,0,Medium
523,1,12,38,0.45,7,0.65,92,1,High
312,1,12,4,0.35,9,2.31,57,2,Medium
217,1,9,21,0.37,24,1.56,83,0,Medium
400,3,9,10,1.33,27,3.23,71,4,High
356,1,0,6,0.04,21,1.07,75,3,Low
40,1,9,13,0.37,12,2.81,49,0,Medium
62,1,11,10,0.35,18,3.31,17,2,Medium
445,2,5,20,0.49,18,2.86,63,5,Medium
538,2,2,36,0.82,30,1.08,83,1,High
427,1,11,19,0.07,25,0.31,81,3,High
621,1,9,21,0.42,21,1.07,80,0,Medium
548,1,11,5,0.12,12,0.89,19,5,High
383,1,4,14,0.13,4,1.53,21,5,Medium
41,1,7,27,0.44,15,2.03,56,2,Medium
599,1,7,37,0.3,23,1.09,65,0,High
74,1,5,17,0.43,4,1.5,56,1,Low
116,1,1,22,0.28,21,3.43,11,3,Low
208,2,6,11,0.25,29,1.02,32,3,High
607,2,11,35,0.44,26,1.34,20,0,High
442,2,7,10,0.25,8,1.8,45,5,High
531,1,0,14,0.09,11,3.72,68,0,Low
355,2,7,32,1.01,24,0.62,77,3,High
229,1,6,24,0.1,3,1.22,67,2,Medium
271,3,9,4,0.8,59,2.64,18,5,High
392,3,6,38,0.9,18,3.24,74,3,High
588,2,7,37,0.99,38,1.35,58,5,High
75,1,8,37,0.31,21,0.82,65,1,Medium
211,3,12,13,0.76,42,0.57,95,3,High
246,3,10,10,1.68,31,1.42,16,0,High
437,2,8,21,0.97,41,1.9,9,5,High
641,1,6,8,0.2,6,2.28,82,0,Medium
148,2,1,19,0.98,30,3.37,41,3,High
537,2,7,3,0.35,33,0.8,85,5,High
451,1,5,45,0.12,25,1.96,42,2,High
60,1,12,20,0.15,28,2.02,95,0,Medium
273,1,11,29,0.35,12,1.24,61,4,High
131,1,3,27,0.34,26,2.11,55,0,Medium
567,2,1,20,0.84,33,0.77,75,4,High
69,1,3,4,0.13,16,0.48,54,5,High
243,1,7,33,0.19,5,2.68,38,2,Medium
540,2,2,31,0.73,30,1.5,41,5,High
132,1,6,4,0.09,20,3.03,35,1,Medium
270,2,4,42,0.57,9,3.33,95,0,Medium
525,3,10,12,1.38,15,1.08,85,2,High
321,1,6,23,0.22,8,1.93,94,4,Medium
446,2,0,33,1.1,31,2.27,84,4,High
329,1,1,31,0.05,10,2.54,43,2,Low
345,1,8,16,0.41,27,3.3,84,3,High
367,2,11,2,0.79,26,1.21,61,3,High
437,2,9,37,0.93,29,2.84,36,5,High
587,2,7,43,0.52,27,3.26,92,4,High
225,1,7,9,0.34,25,3.13,31,5,High
383,2,3,23,0.4,27,1.77,50,2,Medium
306,2,7,8,0.62,45,2.33,87,0,High
523,3,8,8,1.73,39,2.15,60,0,High
194,1,3,22,0.2,20,3.42,66,1,Low
363,3,2,6,1.23,55,3.75,48,5,High
99,1,4,14,0.35,7,2.32,28,3,Medium
130,1,6,41,0.2,15,3.68,57,0,Medium
78,1,11,24,0.43,12,2.95,75,1,Medium
58,2,10,16,0.4,30,1.39,21,3,High
555,2,2,5,0.94,27,3.62,66,5,High
572,2,5,28,1.0,16,1.5,70,2,High
232,1,12,26,0.03,9,2.85,24,1,Medium
62,2,2,8,0.53,10,1.61,89,2,Low
587,2,9,4,0.8,9,0.47,22,3,High
494,1,8,17,0.22,6,1.02,95,5,High
49,1,10,7,0.3,10,2.48,25,3,Medium
147,1,9,8,0.14,27,0.67,33,4,High
244,2,8,13,0.52,34,1.33,13,4,High
548,3,11,31,1.03,15,0.34,19,0,High
627,2,2,6,0.9,12,2.83,20,2,Medium
276,1,4,17,0.22,5,3.15,13,2,Low
408,3,5,28,1.56,21,3.28,13,0,High
181,2,2,22,0.52,36,3.64,42,5,Medium
135,1,5,12,0.07,14,3.67,42,3,Medium
529,2,10,11,0.3,11,3.74,28,0,Medium
466,3,7,37,1.48,26,2.44,53,4,High
69,3,11,9,1.23,46,0.7,60,3,High
87,1,10,21,0.03,23,2.14,81,5,Medium
618,1,10,22,0.24,24,2.75,20,3,High
294,1,10,44,0.3,6,3.24,79,4,High
95,1,2,33,0.39,17,3.34,17,3,Medium
368,1,4,4,0.24,19,2.55,59,1,Low
120,1,12,37,0.21,17,1.86,23,3,High
58,1,6,3,0.26,2,3.19,85,4,Medium
351,3,8,14,1.45,44,3.63,54,0,High
268,3,5,36,1.6,53,1.96,92,2,High
503,1,12,43,0.12,12,1.54,89,2,High
600,1,11,7,0.04,7,2.02,60,0,Medium
300,2,3,8,1.04,33,1.05,32,5,High
386,1,6,3,0.42,28,2.65,23,3,High
508,2,8,9,1.07,8,2.16,14,4,High
483,3,7,33,1.62,73,0.92,82,1,High
171,1,10,39,0.28,12,2.06,57,3,High
294,1,5,19,0.21,6,0.78,85,5,Medium
564,1,11,36,0.39,24,2.88,78,5,High
262,1,9,19,0.32,23,0.76,91,1,Medium
555,1,10,21,0.33,26,1.53,69,4,High
624,3,11,27,1.48,72,3.24,44,3,High
53,1,0,25,0.08,23,0.5,42,1,Low
333,2,2,4,0.82,26,1.01,77,0,Medium
407,3,1,40,1.73,62,2.27,36,5,High
614,1,8,45,0.14,23,0.46,56,3,High
466,3,10,21,1.86,18,0.35,40,1,High
493,3,10,42,1.08,52,2.21,85,1,High
238,1,2,44,0.05,7,2.87,23,3,Medium
81,1,8,17,0.08,20,3.26,8,2,Medium
517,2,2,3,0.34,28,2.39,88,4,Medium
348,1,9,36,0.17,27,2.78,75,1,High
228,1,12,33,0.09,19,2.18,19,2,Medium
266,3,10,22,1.03,33,1.06,87,4,High
526,3,12,42,0.61,57,1.51,38,5,High
289,3,10,21,1.1,65,3.61,57,2,High
593,2,0,34,0.94,31,2.1,73,3,High
538,1,10,13,0.16,4,3.62,29,4,High
586,1,1,14,0.31,26,1.05,95,3,Medium
146,1,11,28,0.3,4,2.91,27,0,Medium
510,2,0,6,0.27,19,3.08,79,0,Low
628,3,4,27,1.1,55,1.72,48,0,High
438,2,8,1,0.78,12,2.95,82,0,Medium
114,1,8,7,0.14,23,1.35,19,2,Medium
488,1,10,2,0.22,19,1.07,58,4,High
342,3,2,20,1.48,73,3.68,90,2,High
51,2,8,10,0.31,8,2.3,58,4,Medium
600,3,4,14,1.57,72,2.84,35,3,High
564,1,2,15,0.29,10,0.98,31,5,Medium
620,3,12,36,1.2,50,0.56,93,0,High
296,1,11,38,0.23,12,1.55,93,5,High
280,1,9,5,0.41,12,2.0,50,4,Medium
353,2,2,37,0.71,28,3.66,29,0,Medium
360,1,3,42,0.21,28,1.56,94,5,High
379,3,7,29,1.07,34,2.0,21,1,High
123,3,2,35,0.86,61,3.4,17,5,High
117,3,8,41,0.64,52,2.33,83,1,High
77,2,8,35,0.62,17,1.58,36,4,High
337,1,8,33,0.06,13,2.06,92,1,Medium
209,2,2,29,0.34,44,3.62,92,1,Medium
535,3,0,15,1.59,29,0.52,55,1,High
83,2,8,24,0.55,37,3.39,13,5,High
371,1,8,41,0.38,28,2.9,82,4,High
623,1,10,25,0.18,22,3.44,17,4,High
297,1,3,34,0.19,28,3.34,70,3,High
46,1,2,29,0.09,4,2.1,43,1,Low
193,1,5,39,0.33,5,2.61,61,2,Medium
156,1,7,31,0.11,7,2.57,60,0,Medium
289,1,9,38,0.09,22,2.09,81,1,Medium
97,1,2,34,0.43,21,3.69,89,0,Low
330,3,3,29,1.39,45,3.34,29,1,High
460,2,12,38,0.94,19,2.48,73,2,High
211,2,5,30,0.74,12,1.1,57,1,Medium
151,1,8,33,0.31,28,0.82,20,1,High
527,3,9,3,1.74,49,2.06,23,0,High
533,2,9,35,0.94,35,2.13,55,0,High
582,1,12,31,0.36,14,1.53,81,0,High
475,1,7,15,0.41,4,1.29,77,3,High
303,1,11,1,0.27,5,2.12,56,5,Medium
250,2,5,27,0.53,17,1.79,82,2,Medium
307,3,6,37,1.08,32,3.77,58,1,High
463,2,8,31,0.36,43,2.24,40,2,High
631,1,11,26,0.34,23,0.72,37,3,High
205,1,8,26,0.36,27,2.23,95,5,High
93,1,10,1,0.37,28,0.81,84,3,High
130,1,3,24,0.05,3,2.84,59,4,Medium
573,1,9,4,0.43,28,0.91,71,3,High
50,1,10,34,0.14,3,3.04,73,4,High
277,2,10,3,0.52,8,3.71,19,2,Medium
449,1,6,26,0.27,18,0.35,16,0,High
602,1,8,38,0.17,28,1.27,85,1,High
505,3,9,1,0.94,41,2.07,79,0,High
555,1,1,33,0.43,19,3.15,81,2,Medium
493,3,9,31,1.6,63,1.49,66,5,High
511,3,0,31,0.75,19,1.64,36,5,Medium
275,3,6,23,1.27,15,2.75,41,1,High
334,1,10,22,0.05,7,1.97,53,1,Medium
627,1,11,44,0.42,8,2.05,33,1,High
287,3,3,15,0.86,30,3.23,53,1,Medium
149,1,1,44,0.43,17,2.45,77,0,Low
533,1,5,32,0.41,20,3.34,70,1,Medium
563,1,3,37,0.08,18,3.1,69,4,High
73,1,6,44,0.35,16,3.72,74,3,High
363,2,0,44,0.39,45,0.65,54,4,High
305,1,4,16,0.14,21,1.5,31,3,Medium
474,1,11,24,0.18,14,1.28,31,4,High
174,3,10,15,1.66,61,1.24,38,4,High
482,3,3,10,1.64,62,0.82,9,1,High
471,1,10,34,0.25,12,3.05,46,2,High
615,3,0,26,0.73,25,0.51,40,3,High
138,1,5,17,0.18,19,2.25,40,2,Low
60,1,5,44,0.43,8,2.32,91,5,Medium
591,1,12,19,0.17,23,2.09,65,0,Medium
430,2,7,41,1.06,18,2.54,51,3,High
625,1,1,6,0.09,9,1.4,91,2,Low
313,2,6,18,1.0,31,2.92,74,3,High
463,1,0,9,0.33,23,1.18,18,1,Low
210,1,1,5,0.42,17,2.22,11,3,Low
576,2,1,7,0.44,17,0.6,57,2,Low
274,1,4,29,0.29,6,2.14,29,0,Medium
75,2,5,31,0.62,42,3.57,78,3,High
178,3,11,35,0.83,53,1.9,89,4,High
485,1,10,35,0.15,13,1.99,37,0,High
492,1,6,17,0.09,2,0.3,25,2,High
333,1,0,45,0.42,26,1.97,9,3,High
339,2,12,1,0.69,20,1.74,79,3,Medium
444,1,11,42,0.19,14,1.07,18,3,High
285,1,12,40,0.37,23,1.25,91,5,High
584,3,6,13,1.71,26,0.78,22,5,High
506,2,4,45,0.76,20,1.42,27,0,Medium
587,1,1,19,0.14,24,1.83,9,1,Low
132,1,7,14,0.17,11,3.05,71,2,Medium
514,2,0,22,0.27,17,0.5,58,0,Low
596,1,3,17,0.37,28,0.34,39,3,High
493,1,0,13,0.22,26,0.63,93,1,Medium
524,1,4,21,0.09,25,0.45,78,4,High
165,1,10,20,0.11,3,3.32,35,0,Medium
281,2,5,1,0.35,25,2.35,58,1,Medium
49,3,9,45,1.22,53,0.84,19,1,High
201,1,10,40,0.17,26,2.49,15,2,High
197,2,12,7,0.31,22,1.41,79,5,Medium
395,3,7,13,0.63,39,1.55,25,2,Medium
80,1,7,36,0.15,24,2.02,80,1,Medium
596,1,11,30,0.14,28,2.4,78,1,High
110,1,7,19,0.37,19,1.58,8,5,Medium
558,1,2,2,0.29,13,3.02,38,2,Low
104,2,8,25,0.37,39,2.98,27,4,High
329,1,10,21,0.07,18,2.61,13,1,Medium
222,3,3,7,1.23,21,0.41,90,3,High
541,1,11,38,0.13,13,1.07,17,0,High
253,2,1,30,0.92,11,1.56,61,2,Medium
99,3,4,34,0.65,19,3.22,17,1,Medium
571,1,11,15,0.25,8,0.98,92,1,Medium
623,2,2,36,0.87,34,2.91,89,4,High
406,2,11,43,0.58,14,0.88,31,4,High
451,1,10,11,0.25,21,1.85,53,2,Medium
603,3,5,24,1.14,55,1.81,49,4,High
286,2,3,25,0.89,24,1.56,65,3,Medium
446,1,0,19,0.28,18,0.77,46,0,Low
347,3,3,21,0.63,67,3.6,43,4,High
563,2,9,10,0.28,37,1.54,25,2,High
415,3,3,15,0.93,34,0.62,59,4,High
262,2,11,21,0.91,19,2.01,81,0,Medium
649,2,0,37,0.54,11,3.53,50,2,Medium
484,1,1,15,0.34,21,3.55,89,5,Medium
431,1,8,3,0.16,20,0.82,72,5,High
266,1,10,26,0.44,26,2.38,72,0,High
267,1,12,26,0.08,12,0.59,81,5,High
90,1,4,6,0.19,15,3.01,24,1,Low
532,2,7,26,0.79,20,2.26,75,1,High
288,1,12,28,0.16,20,0.61,93,3,High
473,1,3,21,0.17,22,0.38,47,1,Medium
398,2,12,29,0.76,36,0.46,37,1,High
422,1,11,6,0.07,3,1.15,87,1,Medium
334,1,11,8,0.15,17,0.38,34,5,High
590,1,8,34,0.34,19,1.99,26,5,High
58,1,10,34,0.04,7,0.51,33,5,High
317,1,10,1,0.05,23,1.25,92,2,Medium
150,1,10,25,0.12,14,2.08,20,2,Medium
536,3,8,6,0.84,47,3.68,79,5,High
62,1,8,20,0.16,14,2.91,10,2,Medium
400,1,4,16,0.45,18,1.27,15,5,Medium
303,3,0,36,1.83,29,0.83,58,5,High
180,1,6,34,0.43,21,3.35,95,1,Medium
467,1,2,28,0.44,21,1.45,77,1,Medium
251,2,9,35,0.82,20,3.32,47,5,High
576,3,6,10,1.45,51,3.51,48,0,High
610,1,11,8,0.1,28,3.38,11,2,High
463,3,4,29,1.57,67,3.43,43,1,High
232,1,2,2,0.35,21,2.46,85,4,Low
276,2,3,44,0.22,13,2.71,69,1,Medium
554,3,7,42,1.09,69,1.66,68,1,High
207,1,0,27,0.35,2,3.54,60,1,Low
247,2,1,12,1.03,36,3.33,70,5,High
372,3,3,28,1.13,17,2.43,56,5,High
360,1,11,37,0.28,18,2.54,12,4,High
151,1,0,16,0.24,14,3.74,13,4,Low
436,1,10,4,0.1,16,1.69,46,2,Medium
512,1,4,40,0.42,24,2.11,26,3,High
502,1,8,8,0.1,20,3.58,77,1,Medium
442,1,7,2,0.1,20,3.44,33,3,High
132,1,11,42,0.41,27,0.87,23,0,High
156,2,10,24,0.28,32,2.84,73,4,High
203,1,6,3,0.35,12,2.28,92,1,Medium
206,3,2,4,1.15,34,2.86,65,2,Medium
225,1,2,13,0.02,26,1.19,66,3,Medium
550,1,0,39,0.4,9,1.06,92,3,Medium
504,1,1,39,0.28,9,3.39,43,4,Medium
610,3,3,4,0.84,18,2.59,12,1,Medium
73,2,9,20,0.5,13,0.47,61,1,High
205,2,9,43,0.82,44,3.06,30,3,High
632,1,0,6,0.35,12,1.59,56,0,Low
477,3,1,19,1.21,22,2.73,43,2,Medium
579,1,3,45,0.11,3,0.68,88,4,High
129,1,11,39,0.42,24,1.31,85,2,Medium
305,1,9,23,0.42,21,2.27,74,5,Medium
549,1,2,40,0.12,11,3.73,8,0,Medium
64,1,12,8,0.34,8,3.1,61,3,Medium
86,1,8,41,0.11,22,1.0,44,2,Medium
109,1,8,36,0.16,2,0.7,50,2,High
445,2,9,2,0.95,20,1.46,51,5,High
530,3,12,3,1.44,45,0.84,66,4,High
383,1,6,4,0.38,11,2.28,94,2,Medium
608,1,3,37,0.31,27,3.51,53,0,High
192,1,0,22,0.44,22,2.17,29,4,Low
438,1,1,20,0.32,12,2.78,42,3,Medium
128,1,3,24,0.21,11,1.06,46,1,Low
154,1,0,13,0.41,16,2.07,69,4,Low
197,1,7,34,0.15,12,0.8,20,4,High
175,1,0,30,0.19,18,0.71,47,0,Medium
648,3,5,30,1.76,21,2.12,92,5,High
359,1,12,20,0.29,8,1.42,32,2,Medium
323,1,12,29,0.31,10,0.82,43,0,Medium
55,3,8,33,0.73,49,1.53,48,2,High
184,3,12,19,1.35,25,0.55,86,2,High
593,1,2,2,0.22,23,0.48,57,0,Medium
128,1,2,39,0.4,22,3.23,65,4,Medium
404,1,3,43,0.37,4,3.71,67,4,High
174,1,12,45,0.22,16,1.39,90,5,High
516,1,3,10,0.39,21,1.2,54,3,Medium
227,2,10,22,0.91,28,1.89,11,0,High
526,1,7,30,0.38,11,2.99,85,4,High
170,1,6,7,0.16,22,0.55,46,4,High
512,1,6,16,0.29,19,0.86,69,3,High
107,1,11,38,0.21,15,2.29,51,4,High
281,1,10,5,0.34,24,2.31,70,0,Medium
646,2,5,36,0.29,36,0.92,59,0,High
151,2,9,25,0.49,11,0.62,25,4,High
40,2,10,10,0.61,26,1.66,81,3,High
240,1,5,20,0.27,23,1.37,63,5,Medium
392,3,9,1,1.39,47,1.71,24,2,High
103,1,8,4,0.02,19,3.17,53,0,Medium
328,3,3,28,1.51,40,2.49,56,3,High
430,1,3,43,0.09,6,0.96,57,2,Medium
467,1,10,9,0.08,4,2.57,26,5,High
538,2,2,6,0.32,34,3.31,85,3,Medium
224,1,6,36,0.37,14,1.54,31,3,High
47,2,11,16,0.84,25,1.74,77,4,High
415,1,0,37,0.23,13,0.7,69,5,High
121,1,11,34,0.44,26,3.03,67,4,High
120,1,9,6,0.13,22,2.9,93,0,Medium
592,2,4,40,0.25,29,2.17,9,3,High
504,1,7,37,0.34,15,1.54,45,2,High
211,1,9,20,0.33,20,1.21,88,3,Medium
632,1,0,43,0.45,27,2.88,11,2,Medium
536,1,8,5,0.39,10,1.18,86,2,Medium
321,3,0,8,1.38,73,2.37,27,5,High
497,1,2,17,0.36,9,2.0,75,0,Low
391,3,2,39,1.81,24,3.23,60,3,High
283,2,11,41,0.35,44,2.87,52,0,High
310,2,1,4,0.35,33,1.97,68,5,Medium
585,1,10,25,0.22,6,2.16,63,0,Medium
335,3,7,25,1.48,48,2.69,13,0,High
584,2,6,40,1.03,25,1.47,42,0,High
301,2,6,30,0.9,23,2.87,83,1,High
572,1,11,12,0.15,2,2.65,16,0,Medium
461,1,1,44,0.21,9,2.84,40,1,Medium
74,1,1,4,0.42,23,3.43,35,4,Low
164,2,1,6,0.97,16,1.62,90,4,Medium
229,3,11,12,0.93,44,2.61,17,5,High
504,3,4,28,1.5,57,2.99,49,2,High
205,2,4,4,0.54,29,3.79,41,2,Medium
222,1,7,13,0.28,7,2.56,21,1,Medium
593,2,3,40,0.78,36,2.8,21,0,High
114,1,11,17,0.35,2,3.44,27,5,Medium
40,3,10,25,0.95,59,1.45,58,4,High
43,1,12,32,0.23,14,3.25,16,4,High
271,1,11,31,0.07,19,3.57,53,2,Medium
350,1,10,42,0.06,19,3.29,51,0,Medium
510,2,4,42,0.38,43,0.44,57,5,High
235,1,6,7,0.29,13,2.0,88,3,Medium
234,1,3,2,0.33,20,1.13,57,0,Low
593,2,7,35,1.07,36,3.68,10,0,High
387,1,12,3,0.19,8,3.12,93,4,Medium
509,3,8,10,1.56,29,3.54,12,5,High
184,1,0,31,0.41,21,0.46,91,1,Medium
54,1,0,20,0.37,5,1.9,29,4,Low
105,3,1,8,1.25,66,2.45,16,1,High
476,1,11,44,0.19,5,3.72,81,4,High
180,1,12,14,0.35,20,0.91,16,0,Medium
320,1,6,11,0.32,19,0.88,39,4,Medium
81,1,12,41,0.28,26,0.85,70,0,High
46,1,1,42,0.28,11,1.76,68,5,Medium
169,1,10,18,0.24,15,1.14,30,4,Medium
78,2,11,32,0.75,13,2.5,46,2,Medium
468,1,3,13,0.07,18,3.72,87,2,Low
592,1,7,41,0.3,10,0.49,22,1,High
525,1,2,43,0.42,3,2.56,44,1,Medium
485,1,9,30,0.04,25,0.48,76,1,High
201,2,7,33,0.3,23,2.82,83,4,High
373,1,11,44,0.41,9,3.03,49,1,Medium
140,1,6,13,0.18,9,0.56,82,3,High
95,3,2,14,1.81,44,0.92,55,1,High
508,2,10,23,1.08,20,1.48,12,5,High
622,1,2,8,0.39,16,1.76,51,1,Low
342,2,12,41,1.06,18,2.32,78,1,High
128,1,8,32,0.39,8,2.37,67,2,Medium
54,2,11,16,0.42,35,2.33,83,1,Medium
627,3,6,3,0.65,45,2.87,72,0,High
475,1,7,45,0.37,16,2.03,18,4,High
52,2,6,14,0.32,26,1.14,19,0,Medium
531,2,2,30,0.97,45,0.39,66,3,High
181,3,6,12,1.63,38,2.49,89,0,High
112,1,11,22,0.25,11,1.79,42,5,Medium
595,2,3,44,0.27,29,2.88,15,4,High
412,3,1,25,1.08,54,0.44,54,1,High
612,2,8,14,0.32,29,1.14,22,5,High
529,2,12,38,0.98,21,2.94,36,2,High
401,3,8,44,1.15,18,0.52,52,3,High
537,1,1,31,0.33,23,3.19,45,3,Medium
416,2,11,5,0.37,37,0.61,58,1,High
335,3,1,7,0.81,22,2.74,71,1,Low
249,1,10,2,0.15,23,2.2,24,3,Medium
395,1,11,42,0.03,8,0.52,37,4,High
383,1,5,42,0.3,12,2.0,93,5,Medium
582,3,7,30,1.0,23,3.44,47,1,High
306,1,5,19,0.35,3,0.82,44,3,Medium
210,2,2,35,0.46,19,3.24,93,1,Low
205,1,0,21,0.27,16,1.21,31,1,Low
615,2,10,21,1.08,17,1.61,77,1,High
586,1,0,26,0.42,26,0.81,66,2,Medium
199,1,11,35,0.44,12,2.57,45,3,High
336,3,12,37,1.47,66,2.28,64,2,High
155,2,0,9,0.81,15,1.38,59,4,Medium
265,1,1,21,0.04,22,0.98,75,1,Low
324,1,1,35,0.39,23,2.65,19,4,Medium
443,1,5,39,0.28,3,3.48,54,3,High
191,2,6,24,0.55,8,1.3,52,2,Medium
496,3,1,14,1.55,43,2.9,61,3,High
335,1,11,28,0.33,15,0.79,83,4,High
128,1,4,31,0.45,18,3.75,16,4,Medium
424,1,6,41,0.41,15,0.91,67,5,High
621,2,2,13,0.37,32,1.31,70,0,Medium
349,3,4,32,1.33,44,1.09,8,1,High
308,1,10,41,0.22,22,2.63,44,3,High
223,1,11,42,0.13,5,2.98,71,0,Medium
410,2,9,28,0.98,38,3.71,23,2,High
564,2,0,17,0.35,11,0.81,67,5,Medium
178,1,0,18,0.18,22,3.49,53,0,Low
336,1,10,5,0.24,26,2.5,20,4,High
211,1,5,44,0.36,10,2.7,54,0,Medium
587,2,2,1,0.32,26,1.61,70,3,Medium
388,3,2,7,0.88,47,1.07,32,4,High
578,3,11,36,1.51,66,0.7,66,0,High
159,3,0,31,1.05,59,1.57,64,4,High
575,2,5,12,0.84,9,2.91,23,1,Medium
171,3,2,45,0.89,23,1.03,18,3,High
154,1,12,31,0.35,3,0.99,12,5,High
565,2,7,8,1.02,10,0.53,93,0,High
138,2,9,14,0.73,20,0.95,52,0,Medium
132,1,11,18,0.43,13,1.53,72,5,Medium
287,1,1,7,0.37,26,0.35,35,5,High
236,3,2,35,0.61,61,0.65,35,4,High
526,1,9,12,0.21,5,0.93,53,3,High
474,1,3,27,0.07,12,0.73,22,4,High
179,1,5,19,0.26,3,0.59,71,0,Low
434,1,9,20,0.32,28,1.85,78,3,High
337,3,6,13,1.71,72,3.24,68,5,High
416,1,10,32,0.31,14,1.83,92,5,High
127,1,6,26,0.32,5,2.9,29,0,Medium
412,3,5,13,1.37,40,0.73,62,5,High
551,1,11,38,0.28,26,3.06,90,3,High
404,1,9,26,0.44,18,1.28,66,0,High
165,1,7,15,0.29,6,0.4,14,0,High
550,2,2,25,0.74,28,0.83,87,4,Medium
138,2,10,34,0.89,37,1.01,92,3,High
542,1,8,22,0.37,19,2.21,12,3,High
161,1,5,25,0.21,3,0.42,79,5,High
350,3,2,32,1.16,34,2.81,70,0,High
622,2,10,36,0.82,44,1.94,79,1,High
558,1,4,32,0.27,14,2.46,53,2,Medium
368,1,9,3,0.08,13,1.52,82,0,Medium
389,1,6,23,0.45,15,1.53,92,1,Medium
293,1,4,38,0.06,24,0.53,47,0,Medium
385,1,8,21,0.04,23,3.32,80,4,Medium
471,1,11,31,0.27,12,1.62,57,2,High
626,1,7,7,0.32,8,1.48,72,5,High
387,1,4,24,0.44,8,2.04,17,4,Medium
259,1,0,20,0.45,14,3.12,87,5,Low
134,2,9,7,0.73,25,0.54,75,3,High
477,1,12,5,0.3,11,2.07,46,3,High
592,1,6,26,0.13,18,1.89,78,1,High
59,2,8,12,0.72,21,2.61,67,2,Medium
585,3,12,28,1.82,61,2.49,74,1,High
413,1,3,10,0.34,26,1.35,63,3,High
366,3,1,41,0.86,41,1.23,44,5,High
204,1,9,16,0.19,5,0.82,11,1,Medium
357,1,8,28,0.2,3,1.01,42,1,Medium
69,1,12,18,0.3,7,2.56,13,5,Medium
537,2,0,6,0.48,27,3.34,60,2,Medium
132,1,11,9,0.12,20,2.87,23,4,Medium
634,3,8,17,1.25,20,1.13,23,2,High
377,3,11,25,1.65,62,1.13,62,1,High
187,1,3,18,0.21,10,3.32,15,3,Medium
586,1,1,21,0.25,17,2.69,43,1,Low
411,1,5,20,0.03,21,0.42,92,0,Medium
285,1,6,20,0.29,24,1.57,95,0,Medium
587,3,7,25,0.61,40,3.55,40,2,High
132,3,12,16,0.99,70,3.42,64,5,High
364,3,12,42,1.13,17,1.26,18,3,High
522,2,5,28,0.99,14,3.19,41,4,High
107,1,9,36,0.34,16,2.73,14,5,High
228,2,12,42,0.32,33,1.0,47,2,High
629,1,2,16,0.24,26,3.21,24,4,Medium
460,2,5,29,0.63,16,1.21,95,4,High
375,2,3,6,0.57,19,1.68,56,4,Medium
269,1,0,36,0.3,22,1.1,19,3,Medium
243,1,2,4,0.19,15,2.4,27,0,Low
416,1,9,8,0.03,18,1.82,66,5,High
546,1,11,14,0.1,28,3.04,44,5,High
546,1,6,14,0.28,28,1.29,94,1,High
468,1,12,10,0.03,10,1.12,65,1,Medium
418,2,10,30,0.28,38,0.77,49,5,High
447,2,11,25,0.84,24,0.56,79,0,High
93,1,3,31,0.41,21,3.59,84,5,Medium
86,1,8,40,0.18,14,2.65,24,4,High
82,2,4,11,0.65,29,3.37,24,0,Medium
364,2,6,10,0.43,28,0.45,24,3,High
327,2,6,19,1.01,24,2.45,41,4,High
360,1,2,21,0.34,17,2.97,27,4,Low
490,1,2,4,0.12,3,1.95,28,5,Medium
518,1,7,3,0.21,24,2.26,66,3,High
155,3,2,8,1.05,28,3.34,31,1,Medium
560,3,9,43,1.36,52,3.79,8,4,High
624,1,1,16,0.35,23,0.63,50,0,Low
331,2,10,8,0.55,45,3.55,21,2,High
197,1,7,43,0.23,22,3.64,84,5,High
45,1,0,42,0.29,16,1.44,80,1,Low
256,3,12,42,0.97,66,0.49,17,4,High
430,1,4,12,0.12,26,3.33,19,0,Medium
253,1,12,26,0.14,26,3.64,27,0,High
345,1,6,20,0.41,21,0.76,93,0,Medium
416,1,7,29,0.4,17,1.24,84,3,High
132,2,12,24,0.75,35,2.51,19,0,Medium
565,1,7,44,0.12,23,2.8,71,4,High
577,1,7,28,0.05,27,1.97,27,1,High
347,3,8,28,0.98,18,2.23,13,4,High
150,1,6,7,0.22,25,2.29,40,2,Medium
300,2,12,33,0.21,37,0.93,31,3,High
86,1,11,20,0.15,25,1.89,93,3,High
311,1,12,12,0.11,4,2.91,85,2,Medium
148,1,0,1,0.19,2,0.9,69,3,Low
454,3,11,39,1.54,34,2.46,86,2,High
444,3,1,9,0.78,27,0.69,10,5,High
232,3,3,31,1.44,56,1.15,88,4,High
235,1,12,30,0.08,15,0.38,29,1,High
495,3,7,2,1.72,52,1.15,45,4,High
441,1,0,7,0.29,24,1.81,61,3,Medium
632,2,8,19,0.23,33,2.0,83,5,High
539,1,0,34,0.03,20,1.41,16,2,Medium
467,3,1,32,1.41,56,1.51,63,0,High
205,1,3,31,0.17,9,2.08,83,5,Medium
387,3,11,43,1.21,71,1.33,57,3,High
408,2,12,11,0.76,26,2.72,19,5,High
534,1,3,11,0.28,5,3.08,71,2,Low
280,1,0,2,0.17,10,1.55,28,1,Low
555,1,1,22,0.21,21,1.09,79,1,Low
538,1,5,23,0.35,26,3.37,42,1,Medium
567,2,1,4,1.03,36,3.1,22,0,Medium
144,3,0,33,0.74,55,0.71,34,2,High
200,2,11,29,0.89,39,2.86,20,1,High
412,1,2,8,0.38,16,3.69,8,1,Low
525,1,8,11,0.06,13,2.8,61,2,Medium
291,1,12,34,0.2,9,0.78,62,3,High
459,3,8,44,1.07,16,1.85,9,5,High
569,3,1,22,1.01,64,0.88,15,3,High
77,2,10,10,1.01,11,3.72,92,4,High
342,1,10,45,0.26,11,2.83,48,2,Medium
48,3,8,40,1.8,59,1.71,90,1,High
597,2,9,42,0.6,30,3.41,91,3,High
242,3,1,3,1.3,39,2.84,24,4,High
593,1,1,33,0.26,18,1.49,89,1,Medium
63,1,12,35,0.27,9,3.21,46,5,High
472,3,1,4,1.69,31,2.49,53,0,High
88,2,1,29,0.47,8,1.89,38,5,Medium
635,2,10,43,0.68,22,1.53,44,5,High
626,2,11,25,0.67,23,0.67,74,4,High
237,3,5,30,0.73,60,1.79,60,0,High
134,1,2,31,0.11,4,1.59,75,3,Medium
642,2,12,26,0.98,45,2.05,62,3,High
541,2,6,11,0.33,16,2.0,66,1,Medium
565,3,1,45,0.88,45,0.41,28,4,High
418,3,1,39,1.71,22,0.72,81,2,High
81,1,1,24,0.15,13,1.36,70,0,Low
186,1,9,27,0.04,11,3.41,35,1,Medium
540,1,8,23,0.05,3,1.76,81,2,Medium
619,1,5,25,0.22,25,3.22,24,1,Medium
556,2,12,29,0.8,17,3.33,49,0,High
459,1,6,22,0.25,23,3.42,43,5,High
130,3,11,2,1.34,65,3.0,47,4,High
166,2,1,13,1.06,42,2.32,14,4,High
574,1,7,33,0.41,5,2.6,76,1,High
59,1,3,16,0.38,28,3.41,64,0,Medium
586,2,6,38,0.24,9,1.49,31,3,High
64,3,5,25,0.93,22,3.73,77,1,Medium
332,1,4,6,0.09,15,2.68,15,4,Medium
373,1,11,4,0.15,5,1.42,60,2,Medium
304,1,1,4,0.11,26,2.39,38,3,Medium
560,2,6,8,0.44,28,1.93,60,0,High
535,1,10,15,0.41,2,1.24,83,5,High
143,1,8,42,0.36,11,2.29,65,0,Medium
552,1,2,24,0.25,7,3.04,76,3,Medium
608,1,0,30,0.43,21,1.31,29,0,Medium
101,3,7,18,1.38,68,2.68,52,5,High
257,2,8,19,0.24,42,2.27,46,0,Medium
444,2,2,36,1.1,35,1.04,72,2,High
390,2,12,29,0.45,28,1.5,66,4,High
376,1,11,9,0.3,2,2.43,8,0,Medium
217,1,11,32,0.35,19,0.58,91,5,High
119,1,10,29,0.31,13,3.7,56,4,High
406,1,12,45,0.44,5,1.92,32,3,High
49,1,0,18,0.31,24,1.55,19,4,Low
350,3,3,15,1.87,38,0.43,71,5,High
254,1,10,26,0.07,10,2.29,71,1,Medium
605,1,11,37,0.31,21,2.28,16,4,High
171,2,2,17,1.04,22,3.38,43,1,Low
63,3,11,44,1.29,31,2.68,66,0,High
477,2,10,4,0.97,28,1.81,60,2,High
164,2,7,32,0.53,10,3.39,36,0,Medium
324,3,8,29,1.01,40,0.98,18,4,High
65,3,3,45,1.15,19,3.51,33,1,Medium
377,1,10,41,0.06,17,1.81,11,4,High
382,3,3,7,1.22,36,3.21,50,4,High
282,3,12,39,1.41,63,0.63,65,4,High
167,1,0,3,0.18,24,0.53,24,0,Low
492,1,9,41,0.21,5,2.67,79,0,High
341,3,6,7,1.4,41,1.12,84,5,High
50,1,7,28,0.4,21,0.65,91,5,High
66,1,5,38,0.1,5,0.34,16,4,High
238,3,2,41,1.26,37,1.77,87,3,High
230,1,12,3,0.05,11,2.35,73,5,Medium
406,1,8,10,0.08,11,2.41,45,2,Medium
48,1,10,44,0.08,9,2.07,79,0,Medium
472,1,3,41,0.41,27,0.54,32,5,High
527,2,7,39,0.82,45,2.28,50,4,High
346,1,2,7,0.22,27,3.49,71,1,Low
43,2,11,15,0.62,21,1.14,50,5,Medium
424,1,2,1,0.18,4,1.55,79,0,Low
185,1,3,41,0.27,26,1.56,11,1,Medium
242,1,3,17,0.33,12,3.27,39,1,Low
240,1,4,7,0.03,23,0.78,91,0,Low
386,3,4,30,0.91,66,1.6,29,4,High
484,3,1,8,0.79,74,0.76,32,1,High
585,1,5,21,0.28,22,1.16,13,4,Medium
641,1,8,19,0.36,12,1.17,88,2,Medium
169,3,9,32,0.87,20,3.05,92,4,High
106,1,6,42,0.34,13,2.05,67,1,Medium
369,2,8,45,0.63,39,1.96,82,3,High
637,2,3,15,1.01,36,3.32,58,1,High
353,1,6,37,0.09,28,1.61,78,0,High
177,2,4,29,0.67,22,2.34,67,4,Medium
384,1,7,28,0.2,27,2.04,42,3,High
65,1,3,17,0.3,13,3.46,45,4,Medium
565,1,1,18,0.42,5,0.72,54,0,Low
599,1,3,44,0.16,11,2.91,95,2,Medium
235,2,2,35,1.02,8,3.0,44,2,Medium
453,3,9,42,0.62,56,2.09,27,3,High
273,1,11,14,0.22,18,2.35,78,3,Medium
512,1,1,21,0.38,15,3.0,61,1,Low
489,1,8,2,0.18,20,3.36,47,5,High
49,1,10,23,0.17,15,1.79,59,5,Medium
590,1,9,2,0.26,3,3.53,27,2,Medium
621,2,9,39,0.72,33,3.73,34,3,High
105,1,3,31,0.07,20,3.67,89,2,Medium
135,1,10,36,0.1,28,2.71,70,0,High
231,1,6,19,0.11,11,2.61,16,3,Medium
98,1,0,11,0.16,15,1.67,22,1,Low
589,1,11,5,0.19,8,0.75,34,2,Medium
482,3,10,31,0.81,51,3.59,83,1,High
554,2,7,18,0.38,17,1.86,59,4,High
292,1,9,32,0.22,20,0.44,19,2,High
507,1,11,20,0.19,28,3.13,30,3,High
295,1,9,28,0.22,23,0.94,80,0,Medium
442,2,0,16,1.0,18,1.26,88,4,Medium
338,2,1,45,0.85,21,3.48,60,4,High
164,3,1,7,1.26,64,1.44,65,1,High
298,1,0,30,0.03,22,2.73,67,3,Medium
391,2,3,26,0.23,24,0.7,25,2,Medium
515,1,1,6,0.26,9,2.8,64,1,Low
522,3,2,11,1.69,53,0.65,45,0,High
587,2,2,5,0.8,8,2.67,27,3,Medium
406,1,11,3,0.4,19,1.06,14,5,High
575,2,11,43,1.01,32,2.72,64,0,High
44,1,6,13,0.42,13,3.48,33,0,Medium
56,1,0,22,0.37,23,2.64,36,0,Low
211,2,0,27,0.66,28,1.43,88,1,Medium
252,3,6,28,0.76,28,0.67,49,1,High
55,1,5,1,0.19,16,1.07,92,2,Low
417,1,3,27,0.15,21,2.05,21,5,High
589,2,9,11,0.43,14,2.4,88,5,High
437,2,12,45,0.32,19,2.52,48,5,High
533,1,0,39,0.41,16,1.64,89,5,Medium
278,1,11,1,0.12,21,2.96,23,2,Medium
282,2,12,16,0.76,11,0.78,71,2,Medium
246,1,3,42,0.04,25,2.39,64,5,High
376,1,5,42,0.36,3,2.12,61,5,Medium
335,2,3,22,0.51,21,2.19,93,1,Low
267,2,6,34,0.49,36,2.5,16,3,High
111,3,0,41,1.89,75,1.01,19,1,High
646,1,12,14,0.12,4,1.79,67,2,Medium
208,2,3,28,0.36,23,1.36,81,3,Medium
246,1,12,31,0.05,13,1.69,29,3,High
491,1,9,28,0.35,28,3.64,69,0,High
430,1,1,20,0.28,6,2.23,30,2,Low
429,1,7,19,0.18,21,1.98,50,1,Medium
520,1,3,1,0.03,18,2.86,55,3,Medium
454,3,6,24,1.1,34,2.54,83,0,High
458,3,1,25,1.81,25,0.98,63,2,High
396,1,7,41,0.32,24,0.5,57,3,High
292,1,0,24,0.29,23,0.4,93,5,Medium
191,1,7,44,0.08,9,2.41,92,1,Medium
52,1,1,42,0.33,14,1.69,83,0,Low
570,3,6,11,1.68,31,2.72,72,4,High
431,2,11,27,0.88,13,0.68,81,2,High
186,1,3,26,0.32,2,3.75,70,0,Medium
139,1,11,27,0.25,22,1.31,63,1,Medium
220,1,11,9,0.11,7,2.06,22,3,Medium
620,3,2,13,0.68,26,3.13,32,2,Medium
458,1,9,7,0.39,7,0.58,18,3,High
167,1,5,2,0.27,17,2.0,20,0,Low
102,1,0,43,0.27,3,0.64,74,0,Medium
424,2,12,18,1.04,38,2.95,85,3,High
384,1,5,21,0.37,13,2.63,56,4,Medium
98,3,5,7,0.6,70,2.74,25,0,Medium
165,3,4,45,1.58,30,1.59,87,5,High
526,1,10,13,0.02,22,3.65,49,0,Medium
408,3,12,21,1.48,29,2.42,59,5,High
123,1,7,43,0.39,5,2.87,45,4,High
239,2,8,37,0.91,40,0.41,71,0,High
348,3,8,30,0.82,43,3.64,69,5,High
593,1,3,11,0.34,23,2.75,21,3,Medium
69,1,5,25,0.35,9,2.82,93,3,Medium
166,2,8,41,0.85,13,3.08,50,1,High
629,2,9,5,0.78,32,3.49,56,5,High
615,3,6,15,0.89,22,1.32,22,0,High
388,2,3,8,0.72,16,3.29,56,4,Medium
41,1,9,35,0.1,14,3.73,48,2,Medium
169,1,9,38,0.12,14,0.33,66,2,High
188,3,4,15,1.25,44,0.82,44,1,High
75,2,4,33,1.09,15,1.26,81,3,High
260,1,11,25,0.05,27,1.47,34,5,High
270,2,0,12,0.97,33,1.35,92,1,Medium
62,1,5,28,0.31,13,2.95,58,0,Medium
580,2,4,45,1.03,43,1.68,24,2,High
634,3,0,20,1.19,25,2.32,64,5,High
534,1,2,14,0.11,25,0.98,91,0,Medium
410,2,9,7,0.81,17,1.62,62,5,High
212,3,1,23,1.87,26,3.61,23,4,High
386,2,2,41,0.85,23,0.42,38,3,High
540,1,9,12,0.3,14,3.02,93,5,High
131,2,10,25,0.45,36,1.59,23,0,Medium
124,1,10,43,0.41,9,0.38,81,4,High
531,1,11,7,0.36,7,1.64,90,5,High
484,1,2,7,0.16,24,3.48,76,1,Low
455,3,0,26,1.32,49,3.04,75,3,High
105,1,9,35,0.33,27,2.58,34,5,High
160,1,9,45,0.1,19,1.87,48,0,Medium
80,1,3,42,0.09,19,1.2,12,0,Medium
167,1,5,35,0.09,23,0.3,46,0,High
571,3,4,43,1.29,23,2.32,48,4,High
400,2,8,14,0.82,10,1.13,32,1,Medium
346,3,3,9,1.38,28,2.37,43,1,High
472,1,4,17,0.18,7,1.7,18,2,Low
475,3,2,35,0.86,55,2.86,89,5,High
237,2,9,43,0.78,40,2.42,61,1,High
363,3,6,25,0.63,53,1.17,42,0,High
584,1,8,27,0.05,22,0.61,50,2,High
189,3,3,18,0.61,39,3.73,36,3,Medium
147,2,1,12,0.67,27,2.36,70,0,Low
581,1,9,19,0.26,21,0.65,14,1,Medium
365,3,6,12,1.05,62,2.67,76,4,High
648,3,6,31,1.37,31,0.33,73,5,High
199,2,2,25,0.71,25,0.49,89,2,Medium
295,2,6,30,0.36,30,3.09,72,2,High
322,3,8,15,1.0,69,0.6,47,3,High
360,3,10,6,0.7,30,3.61,29,4,High
98,1,4,36,0.42,27,3.36,62,5,High
560,3,2,31,1.25,58,3.79,76,5,High
167,1,9,13,0.41,25,0.33,62,5,High
587,2,3,43,1.06,41,2.69,13,4,High
499,3,10,34,1.77,26,0.56,25,4,High
401,3,6,32,1.09,38,3.69,51,5,High
295,3,12,8,0.98,45,1.33,35,0,High
622,1,4,42,0.24,3,3.57,87,3,High
98,1,9,30,0.16,13,0.68,52,5,High
230,1,0,7,0.21,8,0.6,73,1,Low
460,1,7,1,0.09,23,1.18,68,3,High
423,1,6,12,0.25,10,0.68,64,5,High
489,1,5,28,0.02,24,0.99,32,2,Medium
81,1,6,22,0.41,7,2.63,69,5,Medium
312,1,7,36,0.23,23,2.8,49,3,High
553,2,11,25,0.32,14,3.07,24,1,Medium
392,1,12,44,0.12,23,3.2,62,4,High
48,1,4,19,0.23,26,1.8,87,1,Medium
563,1,4,8,0.39,24,1.17,62,1,Low
525,2,12,7,0.83,40,2.44,32,4,High
192,1,2,26,0.04,8,3.55,62,0,Low
244,1,0,25,0.2,11,2.75,37,1,Low
384,1,0,33,0.2,3,1.37,42,2,Low
327,3,11,27,0.92,72,0.47,13,0,High
93,2,5,14,0.46,25,3.48,20,3,Medium
229,1,7,24,0.16,5,0.64,9,5,High
605,2,2,22,0.52,31,2.9,83,4,Medium
420,1,4,14,0.27,4,3.41,24,5,Medium
163,1,10,13,0.1,16,3.54,17,4,Medium
391,1,7,13,0.25,6,0.45,32,3,High
603,2,12,36,1.08,31,1.87,23,3,High
109,1,8,33,0.36,7,2.4,24,2,Medium
86,3,0,45,0.85,67,1.69,95,4,High
565,3,2,29,1.58,39,2.27,57,3,High
318,1,0,11,0.27,20,2.74,73,3,Low
555,2,8,17,0.47,22,1.34,42,4,High
161,1,0,35,0.12,3,2.54,43,1,Low
316,3,0,42,1.87,67,1.03,22,0,High
395,2,5,21,0.27,43,1.22,25,3,Medium
341,1,0,41,0.37,28,1.54,43,1,Medium
302,3,8,43,1.87,64,3.59,82,0,High
431,3,4,41,1.42,50,1.02,64,1,High
372,1,9,41,0.37,26,1.68,65,1,High
484,1,7,6,0.23,16,0.95,30,1,Medium
623,1,11,12,0.3,2,1.39,30,3,High
232,1,1,28,0.13,22,3.7,20,5,Medium
579,1,12,1,0.28,14,1.64,22,0,Medium
84,1,12,6,0.14,22,2.4,9,0,Medium
595,2,5,6,0.38,38,2.96,64,1,Medium
354,1,2,16,0.04,24,1.24,77,0,Low
61,3,1,35,0.99,47,3.4,61,1,High
41,3,0,15,1.16,24,1.54,44,1,Low
433,2,11,8,0.64,15,1.09,44,2,Medium
118,2,1,24,1.03,13,3.43,85,1,Low
222,1,5,39,0.1,15,0.83,93,5,Medium
348,2,4,23,0.99,25,3.51,92,2,Medium
311,3,11,5,1.63,70,3.57,27,5,High
190,1,6,29,0.33,27,3.72,16,0,High
631,1,11,18,0.08,12,3.78,31,3,High
401,1,6,31,0.32,15,2.41,89,2,High
181,3,10,16,1.1,50,2.04,76,3,High
585,1,3,25,0.06,24,1.78,81,5,Medium
264,2,3,24,0.2,9,1.57,68,1,Low
152,1,5,24,0.38,26,3.17,45,3,Medium
187,3,8,27,0.92,67,1.09,25,0,High
186,1,0,45,0.43,13,0.49,21,5,High
635,1,9,11,0.03,13,0.79,39,0,Medium
52,2,6,10,0.89,38,2.9,75,5,High
346,1,11,22,0.21,22,2.73,44,0,Medium
199,1,10,3,0.28,7,2.06,9,3,Medium
473,2,7,36,0.84,24,3.52,72,2,High
272,1,2,18,0.44,18,1.62,24,5,Low
256,1,0,15,0.19,28,2.91,79,4,Medium
119,3,7,31,1.01,56,1.72,56,1,High
95,3,10,28,0.85,21,0.67,54,4,High
383,1,4,11,0.25,4,1.04,9,2,Low
232,2,10,3,0.42,13,3.72,80,0,Medium
617,3,7,3,0.66,20,3.6,9,2,Medium
329,3,8,13,1.01,40,2.84,24,5,High
139,1,11,33,0.06,27,3.01,11,4,High
431,1,0,19,0.09,23,1.92,88,0,Low
277,3,12,44,1.45,64,2.81,72,4,High
575,3,5,29,1.62,36,1.32,87,3,High
80,3,12,44,1.1,28,3.79,85,0,High
196,2,7,7,0.92,17,2.98,47,4,High
129,1,7,21,0.09,11,0.87,43,4,Medium
412,1,1,12,0.33,16,1.2,68,2,Low
492,2,2,8,1.07,39,0.44,44,3,High
458,3,10,9,1.17,47,3.26,48,2,High
125,2,8,29,0.44,10,2.47,90,0,Medium
290,2,8,1,0.34,14,1.32,28,4,Medium
448,3,3,25,1.74,57,0.63,67,3,High
587,3,7,7,0.71,61,0.68,58,3,High
244,1,1,21,0.17,21,2.0,68,0,Low
325,1,8,10,0.43,6,2.54,48,4,Medium
72,3,12,25,0.68,66,1.57,63,3,High
258,1,0,44,0.2,10,2.52,18,1,Low
110,1,1,20,0.4,16,3.35,75,1,Low
305,1,0,6,0.4,15,1.5,46,1,Low
243,1,6,31,0.22,24,3.04,63,2,Medium
624,1,0,36,0.36,21,0.99,93,4,Medium
188,1,11,21,0.03,16,3.57,71,2,Medium
156,2,10,27,0.44,8,3.76,24,5,High
500,2,9,7,0.23,20,1.77,77,1,Medium
426,1,3,13,0.44,20,3.64,55,2,Low
56,1,4,33,0.37,5,2.75,91,3,Medium
463,1,5,35,0.2,26,1.48,30,3,High
478,1,8,39,0.09,15,1.64,92,5,High
487,2,11,40,1.04,14,3.78,21,0,High
56,2,6,7,0.65,42,0.65,64,4,High
635,3,10,19,1.71,28,1.08,66,4,High
430,1,7,8,0.17,27,3.5,60,5,High
445,1,5,15,0.24,10,3.38,41,2,Low
464,2,0,27,0.23,9,0.84,55,4,Medium
365,1,9,28,0.12,14,0.97,90,3,High
92,3,9,28,0.77,55,1.67,30,3,High
365,1,6,15,0.06,27,0.74,23,5,High
630,2,12,41,1.02,43,0.86,49,1,High
135,1,6,1,0.29,20,0.84,87,5,Medium
596,3,1,37,1.1,62,2.87,66,5,High
406,1,10,15,0.15,19,3.24,56,2,Medium
92,1,2,41,0.03,20,3.33,22,3,Medium
650,1,2,19,0.13,7,0.62,71,2,Low
252,1,7,2,0.2,17,3.66,17,1,Medium
469,1,5,41,0.41,27,0.86,46,0,High
222,2,10,39,0.97,15,3.72,52,3,High
599,1,8,17,0.42,8,2.42,76,0,Medium
570,1,2,14,0.39,5,3.45,11,2,Low
181,1,11,45,0.42,10,1.26,33,0,Medium
396,2,10,19,0.62,39,1.83,59,1,Medium
296,1,10,18,0.43,5,2.34,83,2,Medium
209,2,11,32,0.59,36,1.78,42,2,High
150,2,6,13,0.71,31,3.44,16,3,High
211,3,8,17,1.36,33,2.41,90,4,High
400,1,1,12,0.37,15,3.07,53,1,Low
114,1,5,24,0.08,12,0.73,48,5,Medium
51,2,3,30,0.71,28,3.45,79,0,Medium
434,1,3,34,0.11,19,1.27,85,5,High
116,2,10,27,0.81,35,1.41,48,1,High
241,1,7,32,0.04,10,1.77,23,3,High
215,2,9,25,0.41,9,1.3,90,4,Medium
44,3,4,9,1.69,40,0.43,76,4,High
80,1,0,5,0.22,28,3.11,46,2,Low
364,2,6,6,0.7,28,2.03,14,3,High
345,2,7,32,0.96,15,3.25,87,0,High
69,1,0,9,0.07,12,3.31,63,1,Low
214,1,11,24,0.37,19,3.76,14,2,Medium
84,1,4,5,0.13,24,2.44,56,2,Low
214,3,9,30,0.76,35,3.32,82,3,High
497,2,8,34,0.42,38,2.61,43,2,High
534,1,4,19,0.33,13,2.25,39,5,Medium
250,2,1,32,0.25,8,2.65,67,3,Medium
232,1,5,14,0.37,26,2.15,48,2,Medium
504,2,8,7,1.02,22,3.51,57,3,High
565,1,6,13,0.05,15,0.87,47,4,High
144,1,1,8,0.12,16,0.95,11,3,Low
583,1,4,8,0.42,4,1.54,35,1,Low
446,1,8,22,0.04,10,1.59,14,5,High
431,2,6,13,0.46,33,0.92,43,4,High
545,1,1,44,0.04,9,3.66,36,0,Medium
94,3,9,18,0.91,49,0.65,36,4,High
454,1,1,15,0.34,24,1.24,34,1,Low
248,1,4,39,0.14,2,0.63,72,5,High
528,2,11,16,0.35,12,0.88,50,3,High
185,3,10,31,1.16,16,0.92,41,0,High
214,2,0,39,0.52,38,2.34,70,1,Medium
523,1,0,37,0.31,11,3.22,75,4,Medium
211,2,12,7,0.29,29,1.88,52,4,High
303,2,4,24,0.61,30,1.35,50,4,Medium
650,1,4,44,0.24,22,0.37,60,1,High
185,1,0,16,0.27,24,3.71,54,1,Low
131,1,6,41,0.07,10,3.37,94,4,High
500,3,8,12,0.94,58,1.52,50,3,High
643,1,4,20,0.1,20,2.12,51,4,Medium
165,1,7,37,0.44,27,1.51,22,0,High
550,3,2,30,1.49,48,3.68,87,4,High
206,1,4,5,0.36,2,1.89,35,2,Low
647,1,7,20,0.02,13,2.61,8,0,Medium
297,1,4,33,0.31,26,2.26,19,5,High
317,1,11,13,0.21,4,1.32,12,3,Medium
403,1,10,41,0.19,14,3.68,20,2,High
349,2,2,37,0.59,28,3.12,25,5,High
244,1,6,36,0.11,11,0.6,80,5,High
512,1,6,28,0.06,18,1.85,48,4,High
406,1,6,30,0.2,15,1.91,79,0,High
471,1,2,40,0.41,27,1.15,73,2,Medium
170,2,9,19,0.25,33,0.74,93,0,High
513,3,8,30,1.69,20,0.49,91,0,High
381,2,4,37,0.63,29,3.33,23,5,High
638,2,11,4,0.83,41,0.8,71,1,High
268,3,10,10,0.99,34,2.82,8,3,High
245,1,0,10,0.28,5,2.12,39,1,Low
146,1,8,29,0.19,5,1.35,69,1,Medium
280,3,8,17,1.67,58,1.84,92,4,High
166,1,10,2,0.1,28,2.91,38,1,Medium
563,2,8,13,0.63,26,1.31,20,4,High
544,1,4,26,0.19,27,0.68,61,3,High
191,1,7,8,0.26,2,2.33,12,5,Medium
495,1,5,9,0.22,25,1.9,9,1,Medium
406,1,8,14,0.17,24,2.14,73,0,Medium
218,2,5,42,0.85,29,1.91,25,2,High
350,3,1,42,1.23,45,2.42,31,4,High
559,2,8,17,0.32,28,2.36,82,2,High
638,2,6,5,0.24,18,1.11,93,0,Medium
551,3,7,21,1.59,64,3.13,38,0,High
218,2,6,27,1.03,11,2.44,22,0,High
114,1,5,39,0.29,2,3.53,49,0,Medium
500,1,10,37,0.26,8,1.18,64,5,High
332,1,11,11,0.21,18,3.13,32,0,Medium
636,1,10,7,0.11,27,0.79,8,2,High
457,2,1,22,0.37,41,2.04,34,4,Medium
525,1,5,40,0.41,6,3.11,64,3,High
425,3,9,6,0.77,48,1.34,23,3,High
276,1,8,22,0.03,28,3.59,40,3,High
406,1,2,19,0.05,20,1.14,74,4,Medium
552,1,9,4,0.25,5,2.34,41,5,High
70,1,6,17,0.11,26,0.51,34,4,High
377,3,10,4,0.91,19,3.12,80,4,High
76,1,1,27,0.28,21,3.55,78,3,Medium
172,1,0,7,0.04,18,1.09,52,3,Low
529,1,3,2,0.42,2,3.01,33,4,Medium
428,2,11,2,0.7,11,1.65,56,5,High
168,1,6,36,0.08,16,0.71,86,2,High
400,1,6,4,0.12,4,2.36,37,3,Medium
589,2,12,1,0.99,23,3.14,17,0,High
169,1,4,3,0.16,21,2.59,39,2,Low
172,2,7,43,0.31,12,0.57,77,1,High
546,2,5,15,0.6,27,3.59,78,2,Medium
290,1,4,21,0.32,18,0.67,52,3,Medium
537,1,3,9,0.38,18,1.11,78,1,Low
165,1,12,10,0.04,9,2.74,91,3,Medium
156,1,0,18,0.14,14,1.35,18,0,Low
325,3,6,32,0.62,39,1.65,13,1,High
250,1,10,28,0.25,23,1.37,77,2,Medium
66,3,12,22,1.8,73,1.22,83,1,High
68,1,9,28,0.39,27,2.85,15,0,High
606,1,11,44,0.14,19,1.92,81,5,High
621,2,4,11,1.06,37,2.91,38,1,High
55,1,10,18,0.06,9,3.0,45,2,Medium
624,1,9,18,0.18,23,1.18,91,4,High
52,1,9,43,0.16,10,3.27,64,3,High
57,1,7,3,0.44,17,2.53,79,1,Medium
458,1,1,18,0.41,19,1.4,16,3,Medium
224,1,12,18,0.13,17,0.75,88,1,Medium
190,3,10,4,0.9,56,0.43,95,4,High
490,2,0,36,0.85,11,3.63,41,2,Medium
56,2,5,35,0.85,23,1.52,17,4,High
494,1,1,16,0.11,20,1.6,95,3,Medium
113,2,4,10,0.22,31,1.47,60,5,Medium
423,1,4,40,0.03,13,0.46,27,4,High
66,1,3,21,0.24,26,2.9,82,5,Medium
392,3,6,38,0.64,61,0.83,91,0,High
119,3,3,37,1.25,51,2.51,61,4,High
164,3,8,4,1.39,57,2.14,64,2,High
315,1,9,19,0.41,12,1.15,54,1,Medium
506,1,1,45,0.12,25,3.65,60,2,Medium
121,1,8,5,0.41,22,1.99,37,3,Medium
468,1,2,35,0.13,15,2.66,93,1,Medium
306,2,5,21,0.31,34,1.77,26,4,Medium
546,2,12,13,1.01,37,0.35,23,3,High
309,2,11,31,0.87,16,3.34,63,0,High
210,3,2,33,1.73,73,1.66,62,2,High
170,1,8,16,0.33,5,1.48,51,4,Medium
150,3,0,5,1.56,37,3.62,60,5,High
500,2,6,19,0.88,16,2.87,83,4,High
125,1,0,38,0.28,23,2.57,56,2,Low
489,1,11,38,0.14,26,0.64,46,3,High
389,1,8,34,0.27,15,1.3,57,2,Medium
222,3,0,14,1.16,32,2.31,86,2,Medium
141,1,2,8,0.14,17,1.84,29,2,Low
305,3,12,7,1.8,57,1.28,20,1,High
605,3,12,11,0.64,72,0.44,77,4,High
239,1,0,24,0.11,20,1.79,64,4,Low
169,3,4,8,1.53,73,3.26,64,3,High
545,1,2,18,0.33,5,3.69,18,5,Medium
267,2,5,11,0.66,25,1.89,73,5,Medium
115,2,5,3,0.59,41,1.41,79,5,Medium
76,3,10,1,0.92,52,1.62,36,5,High
240,1,2,32,0.37,25,2.04,24,1,Medium
130,3,11,14,0.6,19,2.02,86,1,Medium
222,1,11,17,0.28,22,2.34,89,2,Medium
535,1,2,20,0.38,11,2.64,70,5,Medium
441,2,8,31,0.47,22,0.69,44,3,High
497,1,10,28,0.07,16,3.65,92,0,High
395,2,11,9,0.9,38,3.24,70,4,High
461,2,0,19,0.44,21,3.41,60,0,Low
615,2,4,44,0.49,33,3.13,62,3,High
306,3,4,32,1.55,36,2.53,13,2,High
498,1,9,11,0.25,26,2.49,86,4,High
377,1,8,2,0.43,2,3.11,19,5,Medium
381,3,12,36,0.68,18,2.12,54,4,High
243,3,8,26,1.72,29,1.32,28,2,High
379,1,8,16,0.42,3,3.26,75,0,Medium
553,1,7,3,0.09,11,0.38,88,5,High
293,1,11,8,0.37,14,2.59,24,5,Medium
316,3,1,5,1.26,60,2.97,61,0,High
55,2,8,39,1.03,14,2.88,58,1,High
359,2,6,33,0.87,27,1.26,33,0,High
310,3,9,31,1.09,42,0.63,60,4,High
325,1,11,35,0.24,14,0.36,71,5,High
443,3,12,35,1.53,43,1.08,11,3,High
277,1,7,37,0.07,11,1.46,88,0,Medium
137,2,3,32,0.73,13,0.79,86,3,High
575,2,9,15,0.25,39,1.18,47,5,High
385,3,0,21,1.5,53,1.72,8,2,High
254,2,12,32,0.69,28,3.66,38,2,High
512,2,8,36,0.97,13,3.52,62,5,High
119,1,12,1,0.09,25,0.73,33,3,High
156,1,6,32,0.09,27,2.14,25,5,High
600,1,0,19,0.07,11,2.82,94,2,Low
575,1,5,37,0.3,6,1.32,95,1,Medium
420,1,4,31,0.22,12,3.54,25,1,Medium
576,2,7,1,0.49,19,0.83,16,0,Medium
359,2,3,45,0.28,37,1.46,15,4,High
519,2,1,23,0.77,22,1.51,9,1,Low
321,1,6,38,0.33,13,2.49,59,2,Medium
614,1,10,13,0.05,6,0.66,35,2,Medium
222,1,1,9,0.36,20,2.56,57,2,Low
629,2,9,39,0.45,38,1.03,8,1,High
261,1,12,40,0.08,7,1.96,8,2,Medium
119,3,0,9,1.27,43,1.79,68,2,High
349,1,1,16,0.26,14,3.01,68,2,Low
359,3,5,34,0.7,53,3.25,29,5,High
324,2,6,36,0.6,24,2.7,79,3,High
396,1,5,30,0.35,13,2.85,35,4,Medium
613,3,3,25,1.09,74,2.92,9,1,High
